"airport","arr_flights","arr_cancelled","arr_delayed","arr_delay_time","longitude_deg","latitude_deg","region_name","USAFID","lat","lon","temp","elev","wind.sp","vis.dist","rh","d"
"ABE",20448,631,3496,228426,-75.442797,40.651773,"Pennsylvania",725170,40.65,-75.448,23.5387126019946,117.002719854941,2.24795268425842,14432.1432456936,70.3644614514824,0.48118152518143
"ABI",9078,220,1296,77901,-99.6819000244,32.4113006592,"Texas",722660,32.411,-99.683,30.7213495575221,546,4.68955555555556,15979.6555924695,49.0957110716697,0.10853565180104
"ABQ",100182,2076,18462,1020822,-106.609001,35.040199,"NewMexico",723650,35.033,-106.617,26.2268587360595,1619.79275092937,3.51711627906977,16031.6793680297,38.1172861867545,1.08220198334969
"ABR",3378,67,360,34869,-98.4217987060547,45.4491004943848,"SouthDakota",726590,45.443,-98.422,19.9592792792793,396.447747747748,3.55072202166065,14066.2207207207,77.157925855362,0.678525764669329
"ABY",4214,36,508,35621,-84.196215,31.532946,"Georgia",722160,31.536,-84.194,27.2727941176471,59,2.00404783808648,14139.520699172,77.7466889548385,0.399236047355086
"ACK",5645,195,1036,88134,-70.06020355,41.25310135,"Massachusetts",725069,41.688,-69.993,21.9754961173425,21,2.64886956521739,13292.726488352,83.9582091627552,48.681598303813
"ACT",6836,277,848,44081,-97.2304992675781,31.6112995147705,"Texas",722560,31.611,-97.231,30.490652173913,155.276086956522,4.22726281352235,15889.6760869565,61.4148069570568,0.0579449289200747
"ACV",8489,357,1407,127468,-124.109,40.978101,"California",725945,40.978,-124.109,15.4598667776853,64.0099916736053,1.96325,11543.1873438801,84.6060865900315,0.0112306875911888
"ACY",15113,375,2606,190043,-74.5772018432617,39.4575996398926,"NewJersey",724070,39.45,-74.577,24.4129280821918,20.0051369863014,2.79776055124892,13902.9982876712,76.1961958872988,0.845219078440685
"ADK",530,34,110,4950,-176.642783,51.883564,"Alaska",720272,48.467,-122.421,18.7337224966322,44,1.88197752808989,14266.2198100407,74.4413045794844,3789.82402763365
"ADQ",3688,173,452,21493,-152.4940033,57.75,"Alaska",720272,48.467,-122.421,18.7337224966322,44,1.88197752808989,14266.2198100407,74.4413045794844,2231.64795793496
"AEX",12175,257,1702,102217,-92.549797,31.3274,"Louisiana",722487,31.395,-92.291,26.2458784346378,36,1.01923076923077,10201.5720233139,84.4046555043589,25.6966794737459
"AGS",17981,292,2521,163341,-81.9645,33.3699,"Georgia",722180,33.364,-81.967,26.5072072072072,44.997542997543,1.93237704918033,12560.3106557377,77.7723250117369,0.695918414726238
"AKN",1260,51,177,8041,-156.651965,58.677845,"Alaska",720272,48.467,-122.421,18.7337224966322,44,1.88197752808989,14266.2198100407,74.4413045794844,2492.30012033646
"ALB",51414,1514,9775,591361,-73.8016967773438,42.7482986450195,"NewYork",725180,42.692,-73.8,21.810945709282,90.2872154115587,2.61663747810858,14685.8546409807,70.2934186513199,6.26165812641148
"ALO",2715,97,407,22252,-92.4002990722656,42.5570983886719,"Iowa",725480,42.55,-92.401,21.4368566176471,267.981617647059,2.76431226765799,14417.8547794118,74.2456609281795,0.791390189344229
"ALS",991,37,121,15733,-105.866997,37.434898,"Colorado",724620,37.433,-105.867,17.7466522678186,2298.12958963283,2.88518111964874,15532.5593952484,53.1552863442864,0.21104813699815
"ALW",1341,33,154,6759,-118.288002,46.09489822,"Washington",725784,46.14,-115.6,20.8705802968961,451.195681511471,0.50445945945946,NA,64.2470367967955,207.237585636329
"AMA",22266,759,4253,278279,-101.706001,35.219398,"Texas",723630,35.217,-101.717,26.4816827344435,1097.35845749343,5.45804749340369,15331.1524978089,55.1253608221587,1.03413870590227
"ANC",90255,1592,15377,725951,-149.996002,61.1744,"Alaska",720272,48.467,-122.421,18.7337224966322,44,1.88197752808989,14266.2198100407,74.4413045794844,2233.21446999239
"APN",2835,79,394,39645,-83.56030273,45.0780983,"Michigan",726390,45.067,-83.567,18.4485080988917,210.993179880648,2.53685567010309,14587.3921568627,72.5644333425201,1.3414652038651
"ART",270,32,59,4352,-76.021698,43.991901,"NewYork",726227,43.983,-76.026,19.7294426919033,100.993690851735,2.50474183350896,13543.1368421053,75.5059082359835,1.04788107224716
"ASE",29382,1795,6997,621946,-106.869003,39.223202,"Colorado",724676,39.223,-106.87,18.8578419071518,2360.06022584693,3.2242385786802,16068.7641154329,39.4529984842942,0.0887717586116891
"ATL",1666133,24800,215367,14874926,-84.428101,33.6367,"Georgia",722190,33.63,-84.442,27.1112759643917,313.245301681503,3.13768545994065,15262.5113748764,66.0900743507816,1.4868885331288
"ATW",19965,459,3152,204223,-88.519096,44.258099,"Wisconsin",726457,44.25,-88.517,18.1665213600698,280,2.83365300784656,15648.5902353967,69.7060128571389,0.915908763998987
"ATY",1748,65,230,16252,-97.15470123,44.91400146,"SouthDakota",726546,44.905,-97.149,19.078431372549,530,3.61267190569745,14463.2147058824,82.0713115919033,1.09700224921366
"AUS",320372,7160,59143,3430092,-97.662015,30.197535,"Texas",722540,30.183,-97.7,29.989766970618,155.749746707194,3.09269776876268,15708.6585612969,66.8631495427928,3.99258532094261
"AVL",38581,1398,7522,492427,-82.541801,35.436199,"NorthCarolina",723150,35.432,-82.55,21.681429624171,660.997789240973,1.65362426035503,12671.970523213,79.4472298056286,0.877379487822473
"AVP",11446,348,1921,120517,-75.7233963013,41.3385009766,"Pennsylvania",725130,41.333,-75.727,21.6917705735661,292.178719866999,1.97019150707744,13942.3582709892,76.0802333095628,0.681674243712291
"AZA",27575,895,7340,491098,-111.654999,33.3078,"Arizona",722786,33.3,-111.666,32.7379710144928,421,3.32245885769603,16044.7076476283,33.9440521730329,1.3406957071872
"AZO",8912,253,1288,87919,-85.5521011352539,42.2349014282227,"Michigan",726357,42.235,-85.552,21.3392405063291,266,2.27910922587487,13784.3206751055,71.1040027323857,0.0137645714050702
"BDL",116361,3016,22445,1417489,-72.688066,41.93851,"Connecticut",725080,41.933,-72.683,22.2890303623898,55,2.69745347698335,14824.6993143976,70.9804267247094,0.742281079999087
"BET",3671,100,404,19302,-161.8379974,60.77980042,"Alaska",720272,48.467,-122.421,18.7337224966322,44,1.88197752808989,14266.2198100407,74.4413045794844,2823.75541578993
"BFF",3172,87,489,48848,-103.5960007,41.87400055,"Nebraska",725660,41.867,-103.6,21.3122854561879,1206.0081300813,3.79666975023127,14186.1409214092,72.8765041269886,0.845935305295104
"BFL",11455,216,2014,154110,-119.056999,35.433601,"California",723840,35.433,-119.057,29.6844470046083,150.011520737327,2.68967517401392,16042.6324884793,33.4409407226358,0.066828212328489
"BFM",201,7,44,2666,-88.0680999756,30.6268005371,"Alabama",722235,30.626,-88.068,28.588489968321,8,2.10550264550265,15184.2819429778,79.1290321710435,0.0895281976174226
"BGM",2732,47,392,28867,-75.97979736,42.20869827,"NewYork",725150,42.2,-75.983,18.8964076858814,499,2.79447236180905,13604.0167084378,78.4692537474263,1.00253204494098
"BGR",16925,652,3185,213183,-68.828102,44.8074,"Maine",726070,44.798,-68.828,19.3309829059829,59,2.64267379679145,13089.3408119658,78.7549453292779,1.045263289771
"BHM",73767,1782,14309,862282,-86.753502,33.562901,"Alabama",722280,33.563,-86.754,26.757399577167,192.012684989429,2.13890063424947,14583.2389006342,71.3722334050613,0.0474378337388632
"BIH",330,14,97,9247,-118.363998413,37.3731002808,"California",724800,37.367,-118.367,26.2238204833142,1262.96777905639,3.47933025404157,16077.8780207135,23.9080199802576,0.728338076434563
"BIL",20707,267,3013,190700,-108.542999,45.807701,"Montana",726770,45.8,-108.543,22.9941893158388,1089.00749765698,4.15173708920188,15707.0487347704,45.3542581067404,0.856312133597927
"BIS",17831,434,2902,210925,-100.746002197266,46.7727012634277,"NorthDakota",720871,46.768,-100.894,18.6965840589417,593,4.52592343854936,15359.5197588747,81.550524929022,11.2836417025312
"BJI",3338,54,368,38867,-94.93370056,47.50939941,"Minnesota",726561,46.447,-95.212,17.6408293460924,417.875279106858,2.16352903637524,15368.6090009575,81.5523487810952,120.005098073631
"BKG",483,10,110,6966,-93.200544,36.532082,"Missouri",720616,36.533,-93.2,23.4491150442478,397,1.36910029498525,14001.5505535055,85.7970246930928,0.113058116105976
"BLI",10841,251,1529,85271,-122.53800201416,48.7928009033203,"Washington",720272,48.467,-122.421,18.7337224966322,44,1.88197752808989,14266.2198100407,74.4413045794844,37.2338539867851
"BLV",5540,216,1160,76059,-89.835197,38.5452,"Illinois",724338,38.545,-89.85,24.3678127984718,140,1.9170964660936,15447.8338108883,79.7237381188279,1.28757261102741
"BMI",12049,333,2075,151928,-88.915901,40.4771,"Illinois",724397,40.477,-88.95,22.034126984127,265,3.49115646258503,14722.5090702948,79.7449310612722,2.88419002002874
"BNA",372244,9517,62677,3644288,-86.6781997680664,36.1245002746582,"Tennessee",723270,36.119,-86.689,26.2167115902965,181.565139263252,2.16774483378257,15318.3279424978,69.6584417390234,1.1467765010817
"BOI",101627,1133,15443,894392,-116.223,43.5644,"Idaho",726810,43.564,-116.24,25.0354948805461,873.861205915813,3.03735632183908,16045.2025028441,33.9107289378342,1.37044824106341
"BOS",601059,16689,120672,8657755,-71.005203,42.3643,"Massachusetts",725090,42.361,-71.01,23.0628027681661,8.99221453287197,4.09593425605536,14276.8624567474,66.4994512994751,0.538501830491829
"BPT",3776,117,488,29417,-94.020699,29.9508,"Texas",722410,29.95,-94.021,28.6475319926874,5.22486288848263,2.37419945105215,14606.8545288198,80.5181367046966,0.0935636850580101
"BQK",4211,49,465,34768,-81.4664993286133,31.2588005065918,"Georgia",722136,31.259,-81.466,26.8593609360936,8,2.78775877587759,14766.2904097253,84.7220301659856,0.0523905690689589
"BRD",2984,54,312,39348,-94.129727,46.402861,"Minnesota",726555,46.398,-94.138,18.8415354330709,374,2.63980295566503,12957.5797244094,74.379963310224,0.833430794182466
"BRO",9221,269,1320,83923,-97.4259033203125,25.9067993164062,"Texas",722508,26.166,-97.346,30.188125,6,5.443375,15406.026348808,72.2608612668752,29.9069725592802
"BRW",2701,63,333,14999,-156.766008,71.285402,"Alaska",720272,48.467,-122.421,18.7337224966322,44,1.88197752808989,14266.2198100407,74.4413045794844,3090.30235224228
"BTM",3012,27,263,21575,-112.497001647949,45.9547996520996,"Montana",726797,45.777,-111.16,18.789798488665,1356.03526448363,2.8582806573957,16060.5743073048,54.9865318610127,105.392913975701
"BTR",26172,680,4056,269811,-91.149597,30.533199,"Louisiana",722320,30.533,-91.15,27.901017293998,22.9898270600203,2.44683673469388,14031.8921668362,77.9981152480822,0.0444907752991962
"BTV",33620,1099,6166,431456,-73.153297,44.471901,"Vermont",726170,44.467,-73.153,21.1060768543342,103.996425379803,2.73521000893655,15442.7676496872,66.9462613647282,0.545475688917314
"BUF",95733,3200,18329,1192746,-78.73220062,42.94049835,"NewYork",725280,42.933,-78.736,21.5260273972603,215.693150684932,3.76776255707763,15625,67.3006751729945,0.889297161886159
"BUR",127641,4409,21034,1103536,-118.356378,34.197703,"California",722880,34.201,-118.359,23.5584595959596,223.05303030303,2.56915297092288,15366.6022727273,61.948870672738,0.438806375775456
"BWI",451994,14164,69984,3924438,-76.668297,39.1754,"Maryland",724060,39.173,-76.684,25.1989043824701,46.99203187251,2.53187250996016,15218.280876494,70.8430912173059,1.3796785004428
"BZN",40007,611,6571,376701,-111.1529999,45.77750015,"Montana",726797,45.777,-111.16,18.789798488665,1356.03526448363,2.8582806573957,16060.5743073048,54.9865318610127,0.545719047222979
"CAE",27873,604,4430,277572,-81.119499,33.938801,"SouthCarolina",723100,33.939,-81.12,26.9667318982387,69.0058708414873,2.35749265426053,15149.2358121331,71.5604899824506,0.0512417882711838
"CAK",18778,534,4209,320669,-81.4421997070312,40.9160995483398,"Ohio",725210,40.916,-81.45,22.186192893401,376.996954314721,3.171269035533,13789.8629441624,74.0020106779117,0.655526137928174
"CDB",262,9,90,3212,-162.725006,55.2061,"Alaska",720272,48.467,-122.421,18.7337224966322,44,1.88197752808989,14266.2198100407,74.4413045794844,2825.19894557765
"CDC",2781,5,298,18120,-113.098999023438,37.701000213623,"Utah",724755,37.701,-113.099,24.0562264150943,1712.01257861635,3.37673830594185,16027.2100628931,29.9777274468928,8.91400491665922e-05
"CDV",3674,90,569,26142,-145.477997,60.491798,"Alaska",720272,48.467,-122.421,18.7337224966322,44,1.88197752808989,14266.2198100407,74.4413045794844,1982.61938130756
"CGI",3368,171,530,52924,-89.570801,37.2253,"Missouri",723290,37.225,-89.571,24.7285101822079,106.996784565916,2.1609071274298,13885.2079314041,77.2462645385511,0.0377258187899409
"CHA",29191,615,4763,316773,-85.203796,35.035301,"Tennessee",723240,35.033,-85.2,26.6480885311871,210,1.75780463242699,15282.4798792757,70.8933183045585,0.43001719161018
"CHO",16914,549,2891,201887,-78.4529037475586,38.138599395752,"Virginia",724016,38.137,-78.455,24.2932663316583,195.993969849246,1.58810483870968,13652.812244898,72.4911605012826,0.255421277655479
"CHS",109347,3382,19671,1201803,-80.040497,32.898602,"SouthCarolina",722080,32.899,-80.041,26.934628975265,14.780035335689,3.01660777385159,15290.593639576,78.6208812019166,0.0645285569870067
"CID",37851,1023,6427,425308,-91.7108,41.884701,"Iowa",725450,41.883,-91.717,20.3817193675889,265,2.97346534653465,12946.3824110672,84.2118045640623,0.547005804554498
"CIU",3216,41,418,33960,-84.4723968505859,46.2508010864258,"Michigan",720321,45.654,-84.519,17.9883603603604,195,2.63848648648649,15672.6899783706,73.4311756575468,66.4589787458465
"CKB",4399,127,898,86045,-80.228104,39.2966,"WestVirginia",724175,39.296,-80.229,22.2576814326107,367.154571159284,1.59763928234183,12479.3053722903,74.2770664323141,0.101960355047908
"CLE",194537,4891,35025,2293347,-81.8498001099,41.4117012024,"Ohio",725240,41.406,-81.852,22.7221428571429,244.989285714286,3.47482142857143,15220.2607142857,70.6859145899415,0.659958530791593
"CLL",8064,272,1043,75927,-96.36380005,30.58860016,"Texas",723761,30.515,-96.704,29.8957341715312,119,2.88010776829816,15788.7257194245,69.1734262403588,33.5890224337612
"CLT",967983,25970,135339,9726395,-80.9430999755859,35.2140007019043,"NorthCarolina",723140,35.214,-80.955,25.3965174129353,233.995024875622,2.43521594684385,14267.3781094527,72.8068590693458,1.08107797665308
"CMH",181171,4554,31582,1925292,-82.891899,39.998001,"Ohio",724280,39.991,-82.892,23.2514602215509,249.61530715005,3.10956696878147,14852.1903323263,68.1477988003841,0.778523226155779
"CMI",8246,332,1479,87761,-88.276249,40.039819,"Illinois",725315,40.04,-88.278,22.1800433839479,233,2.66434023991276,14138.1431670282,80.008316986629,0.150415987614524
"CMX",3636,218,713,63178,-88.4890975952148,47.168399810791,"Michigan",725387,47.467,-87.883,18.160752688172,190.998655913978,3.12506811989101,NA,74.3856879264926,56.4792313909374
"CNY",3014,75,424,28609,-109.7549973,38.75500107,"Utah",724776,38.75,-109.762,27.6732,1390.984,2.81799450549451,16086.5546666667,20.2479721070249,0.823401077146293
"COD",3094,69,533,44958,-109.024002075,44.520198822,"Wyoming",726700,44.517,-109.024,19.9766467065868,1553.08143712575,3.06630565583634,15286.4371257485,49.0393775214286,0.355692815684308
"COS",50018,1069,10481,706365,-104.700996,38.805801,"Colorado",724660,38.806,-104.701,22.5625,1881.17045454545,4.19113636363636,15860.7647727273,47.3507124616416,0.0221305048088309
"COU",7947,434,1634,115619,-92.219597,38.8181,"Missouri",724450,38.817,-92.22,23.9944013781223,273.968992248062,3.18733850129199,15224.7149009475,76.3983122620535,0.127200064937081
"CPR",6429,123,825,61371,-106.463997,42.908001,"Wyoming",725690,42.898,-106.473,20.6998956158664,1612.09394572025,4.03379237288136,15999.5114822547,47.4537125040106,1.33207111610856
"CRP",21421,696,3767,229501,-97.501198,27.770399,"Texas",722510,27.77,-97.512,30.0817510548523,13.2616033755274,4.65242616033755,15827.1065400844,73.771222977127,1.06371150047826
"CRW",15363,415,2680,187180,-81.593201,38.3731,"WestVirginia",724140,38.367,-81.6,23.4421586715867,299,1.55457063711911,14757.2825484765,72.8419837082483,0.900779403136075
"CSG",5804,65,727,45286,-84.9389038085938,32.516300201416,"Georgia",722255,32.516,-84.942,27.4385744234801,120.009433962264,2.27026455026455,14941.715932914,72.0861012415555,0.292224124287584
"CVG",182298,4359,32903,2229556,-84.667801,39.048801,"Kentucky",724210,39.044,-84.672,24.0687563195147,268.757330637007,3.18695652173913,14847.3195146613,67.9967362957487,0.645355470404566
"CWA",9606,232,1321,102645,-89.6668014526,44.7775993347,"Wisconsin",726465,44.778,-89.667,16.5905826017557,389,2.18124501197127,14222.007980846,86.7968752073889,0.0472278896739206
"DAB",14809,323,2175,119607,-81.058098,29.179899,"Florida",722341,29.296,-81.114,28.3373493975904,9,3.0682808716707,13152.3019323672,83.2006020443677,14.0030268191461
"DAL",326538,11122,59667,3031091,-96.851799,32.847099,"Texas",722580,32.847,-96.856,31.2404639175258,148.996134020619,3.50193298969072,15917.7731958763,57.1803534164874,0.392600218510158
"DAY",43597,1080,7673,532519,-84.219398,39.902401,"Ohio",724290,39.867,-84.219,23.2979241877256,306.003610108303,3.56561371841156,14664.3519855596,69.7209972927194,3.93655807502324
"DBQ",2990,127,567,32723,-90.709503,42.402,"Iowa",725470,42.398,-90.717,20.1940285204991,328.996434937611,2.73939393939395,13273.0463458111,82.2136074742087,0.759466289483625
"DCA",530437,17050,93265,6331621,-77.037697,38.8521,"DistrictofColumbia",724050,38.847,-77.038,26.1965283657917,19.9745977984759,3.29661303979678,15844.2066045724,66.1020745715635,0.567700841232592
"DDC",1699,50,203,17308,-99.9655990600586,37.7634010314941,"Kansas",724510,37.75,-99.968,25.315983935743,790.004819277108,4.90514469453377,12504.0072289157,69.161018284065,1.50500149152711
"DEC",2065,85,238,23358,-88.8656997680664,39.8345985412598,"Illinois",725316,39.834,-88.866,22.8115720524018,207.006550218341,3.104704595186,15226.2322015334,73.0193072480579,0.0713213043483954
"DEN",1231318,29436,207090,13804141,-104.672996521,39.861698150635,"Colorado",725650,39.833,-104.673,23.3532971996387,1655.22312556459,4.28602540834846,15398.5632911392,48.8766721597964,3.19108876851498
"DFW",1313143,41295,236770,18408937,-97.038002,32.896801,"Texas",722590,32.897,-97.038,30.2441035474593,182.002876318313,4.15854126679463,15660.0814956855,60.5263099673478,0.0221285782633724
"DHN",5075,44,758,48968,-85.4496002197266,31.3213005065918,"Alabama",722268,31.317,-85.45,26.8147973609802,108.052780395853,2.34005708848715,13913.1218130312,76.7705254713919,0.479700083950235
"DIK",449,19,49,6398,-102.802001953,46.7974014282,"NorthDakota",720854,46.925,-103.982,18.6531348669373,840,4.23665480427047,15748.6083032491,71.6047311996389,90.8311314812246
"DLG",1200,64,167,7344,-158.5050049,59.04470062,"Alaska",720272,48.467,-122.421,18.7337224966322,44,1.88197752808989,14266.2198100407,74.4413045794844,2604.80446875608
"DLH",10969,377,1727,142787,-92.193604,46.842098,"Minnesota",726427,46.689,-92.095,17.7996822514753,205,1.55955515206537,15166.3576940536,77.8994218246664,18.6067843937474
"DRO",15275,383,2686,180308,-107.753997803,37.1515007019,"Colorado",724625,37.14,-107.76,20.859125,2038,2.9,16068.8575,42.5813395020603,1.38506337987144
"DRT",2573,56,308,19152,-100.927001953,29.3742008209,"Texas",722610,29.367,-100.927,32.6236017897092,313.2225950783,4.45213483146067,15980.4351230425,49.5785804600451,0.800694774121529
"DSM",68769,1587,12013,741055,-93.663101,41.534,"Iowa",725460,41.533,-93.667,22.5901209677419,293.991935483871,3.25509586276488,15133.8377016129,71.8143217407497,0.34306146564428
"DTW",658978,10397,88540,6776956,-83.353401184082,42.2123985290527,"Michigan",725370,42.212,-83.353,22.5736936936937,201.990990990991,3.39270270270271,14227.6747747748,66.892939688502,0.0552761324123112
"DVL",3217,185,453,52815,-98.90879822,48.11420059,"NorthDakota",720858,48.48,-99.236,17.9355565570077,450,3.97278880866427,15253.5565570077,78.7505698750909,47.3319081827018
"EAR",3140,99,508,39763,-99.006798,40.727001,"Nebraska",725526,40.717,-99,21.8735401459854,649,4.0337899543379,14609.2791970803,84.5410671012626,1.25095073397812
"EAT",1389,26,171,7264,-120.207000732,47.3988990784,"Washington",720388,47.1,-122.287,19.3532584269663,164,0.558633093525179,15522.5784936479,74.8289880780722,160.472407001052
"EAU",3476,132,627,53033,-91.4842987060547,44.8657989501953,"Wisconsin",726435,44.866,-91.488,19.3295715778474,273.020898641588,2.44472309299895,13900.1901776385,76.5928185756392,0.292556221722612
"ECP",34775,767,6080,400294,-85.795414,30.357106,"Florida",720735,30.349,-85.799,27.326706231454,21,2.45407554671968,15077.0722057369,80.2457515453252,0.96479089021242
"EGE",12225,520,2443,196739,-106.9179993,39.64260101,"Colorado",724675,39.643,-106.918,20.0557142857143,1992.06623376623,2.61,15985.3766233766,38.9873295925411,0.0443657042686514
"EKO",2678,30,193,20882,-115.791999816895,40.8249015808105,"Nevada",725825,40.825,-115.792,22.5882506527415,1547.07832898172,2.43814569536424,16062.5378590078,31.3630063260234,0.0109437253971624
"ELM",4213,131,541,41897,-76.8916015625,42.1599006652832,"NewYork",725156,42.159,-76.892,18.9652549697494,291,1.61038961038961,11640.4679930796,85.1571475618216,0.105396822217823
"ELP",73743,1588,14787,874574,-106.3779984,31.80719948,"Texas",722700,31.8,-106.4,30.7020853080569,1194.02274881517,3.7584440227704,15805.8293838863,35.275538560836,2.22794744200856
"ERI",3238,58,532,36245,-80.173867,42.083127,"Pennsylvania",725260,42.08,-80.183,22.397794822627,224.998082454458,3.4705656759348,15055.6682646213,68.4564156829996,0.83006333779551
"ESC",2970,72,451,46387,-87.0936965942,45.7226982117,"Michigan",726480,45.723,-87.094,17.4363357215967,186,2.58401639344262,13076.3995901639,80.8723736647896,0.0409979879307743
"EUG",30927,542,5013,319465,-123.21199798584,44.1245994567871,"Oregon",720202,45.417,-123.817,17.1632928475034,11,1.8246963562753,15043.8407557355,77.2386171110002,151.435297347824
"EVV",13476,321,2014,125057,-87.5324020386,38.0369987488,"Indiana",724320,38.037,-87.533,24.2244840525328,118.016885553471,2.31303116147309,14486.8883677298,75.9436173129814,0.0523687902698565
"EWN",7386,268,1252,74457,-77.0429000854,35.0730018616,"NorthCarolina",723095,35.068,-77.048,25.2655515370705,6.99819168173599,2.45154264972777,14644.5054249548,86.5875813466061,0.724398208060077
"EWR",574510,21171,145070,11035327,-74.168701,40.692501,"NewJersey",725020,40.683,-74.169,24.3896245059289,8.99604743083004,3.38537549407115,15457.6363636364,69.4439664971448,1.05676375678059
"EYW",32049,875,5321,325986,-81.759598,24.556101,"Florida",722010,24.55,-81.76,29.8274343776461,5.77561388653683,3.50135478408128,15405.8382726503,72.8832562642,0.679617541370347
"FAI",21172,287,3191,148512,-147.8560028,64.81510162,"Alaska",720272,48.467,-122.421,18.7337224966322,44,1.88197752808989,14266.2198100407,74.4413045794844,2359.14512009392
"FAR",26930,853,4599,323203,-96.815803527832,46.9207000732422,"NorthDakota",722129,46.839,-96.664,18.8712593516209,280,3.18521060842434,15599.5592848181,75.2235885874353,14.6851054716177
"FAT",52015,751,8358,550340,-119.718002,36.776199,"California",723890,36.767,-119.719,29.1592635212888,100.00920598389,3.3677047289504,16033.4902186421,38.1559944259619,1.02673738766339
"FAY",13746,335,2099,125740,-78.880302,34.991199,"NorthCarolina",723035,34.991,-78.88,25.6455672068637,59.9847473784557,2.74804202483286,14326.5004766444,82.8530129339765,0.0353055913730484
"FCA",18392,169,2758,157291,-114.255996704102,48.3105010986328,"Montana",720923,48.726,-116.295,19.6051899907322,711,1.06696014828545,15875.249304912,53.1490401270484,157.119944319212
"FLG",8464,246,1133,92102,-111.670998,35.1385,"Arizona",723750,35.13,-111.671,19.852034261242,2138.45824411135,2.51111111111111,15897.1466809422,44.5315859984803,0.945156893976846
"FLL",439529,9901,88679,5796366,-80.152702,26.072599,"Florida",722037,25.999,-80.241,28.3493230174081,3,2.77875848690592,14723.4387351779,76.5226909919947,12.0333526914376
"FLO",113,3,8,454,-79.7238998413086,34.1853981018066,"SouthCarolina",723106,34.185,-79.731,26.227371541502,45.9970355731225,2.45457256461233,14541.3725296443,76.7030016655498,0.654594559133612
"FNL",1,0,0,0,-105.011244,40.448763,"Colorado",724769,40.45,-105.016,23.4898517673888,1529,3.21405714285714,14766.6324200913,51.2817641727783,0.425295653233516
"FNT",14818,403,2898,176744,-83.7435989379883,42.9654006958008,"Michigan",726370,42.966,-83.75,21.4231071779744,233.009832841691,2.94376237623762,14884.5693215339,68.3115790183273,0.525088739629743
"FOD",996,44,111,15706,-94.19259644,42.55149841,"Iowa",725490,42.55,-94.193,20.023385518591,353,2.17198824681684,13233.4471624266,84.6925548747757,0.16986335390726
"FSD",31989,984,5857,404905,-96.741152,43.585463,"SouthDakota",726510,43.578,-96.754,21.4153535353535,435.00202020202,3.61666666666667,15477.6707070707,74.6108119584335,1.32651554290728
"FSM",7290,247,1095,75976,-94.367401,35.336601,"Arkansas",723440,35.333,-94.367,27.226964433416,141.001654259719,2.59842454394693,14221.0562913907,82.1180906966832,0.402061777703819
"FWA",27474,594,5128,371666,-85.195099,40.9785,"Indiana",725330,40.971,-85.206,21.7318942731278,252,2.85198237885463,14683.4123348018,77.1418416486299,1.23814864775948
"GCC",3658,92,582,45004,-105.539001,44.3489,"Wyoming",726650,44.339,-105.541,19.7555421686747,1323.03373493976,4.24372716199756,15613.6072289157,63.4515204569094,1.11224807168048
"GCK",3074,96,364,23079,-100.723999023,37.9275016785,"Kansas",724515,37.927,-100.724,24.3265608465608,878.012698412698,4.92120890774125,14638.291005291,70.9004973480226,0.0557841698245267
"GEG",74863,1004,12112,638863,-117.533997,47.6199,"Washington",720322,48.299,-116.56,18.5963179164795,648.084418500225,1.45231252806466,16020.3758419398,58.2657648827034,104.698697102438
"GFK",7372,213,950,75885,-97.176102,47.949299,"NorthDakota",720865,48.405,-97.371,18.8839981659789,251,4.11373449701424,14595.4669724771,73.1894387535898,52.692031037204
"GGG",3629,127,421,24984,-94.7115020751953,32.3839988708496,"Texas",722470,32.384,-94.712,29.4690036900369,113.985239852399,2.59222222222222,16021.7367773678,72.8950661039308,0.0467561128245926
"GJT",18091,331,2434,157740,-108.529387,39.126663,"Colorado",724760,39.117,-108.54,26.2080536912752,1474.76957494407,3.50632768361582,16049.0637583893,27.5156387111706,1.41163360281713
"GNV",17906,336,2618,152232,-82.2717971802,29.6900997162,"Florida",722055,29.167,-82.233,26.6436090225564,27,2.18028436018957,14377.0065851364,87.0045127330359,58.2872667883003
"GPT",17506,420,2676,176466,-89.070099,30.407301,"Mississippi",722138,30.368,-89.455,28.5,7,2.15068493150685,12844.9038901602,77.9144024814057,37.1771421435795
"GRB",20137,509,3118,210723,-88.130805,44.483459,"Wisconsin",726450,44.479,-88.137,19.8807426597582,213.145077720207,2.77539404553415,14611.292746114,76.9189579805545,0.698133774474896
"GRI",4344,117,652,41257,-98.3096008300781,40.9674987792969,"Nebraska",725520,40.961,-98.317,21.8553880934439,565.995478522984,3.6772142316427,13133.7230188679,82.5507939708346,0.952983466914746
"GRK",12461,446,1978,121000,-97.828903,31.0672,"Texas",722576,31.067,-97.833,29.2971297359357,309,3.62514351320321,15110.1474654378,63.0075803176251,0.390854091711782
"GRR",77539,2251,14751,940422,-85.52279663,42.88079834,"Michigan",726350,42.881,-85.524,21.3128546099291,244.992021276596,3.22331560283688,14770.6666666667,69.0933015592467,0.100582309614001
"GSO",47442,1431,8310,524704,-79.937302,36.097801,"NorthCarolina",723170,36.083,-79.95,24.3784467713787,271.529668411867,2.69389179755672,15393.7547993019,79.4368313296046,2.00262018139705
"GSP",60155,1447,10561,676410,-82.218903,34.895699,"SouthCarolina",723120,34.884,-82.221,24.8310434782609,295.984347826087,2.0631993006993,15067.8782608696,73.8325205466755,1.31485471345785
"GST",447,13,43,1889,-135.7070007,58.4253006,"Alaska",720272,48.467,-122.421,18.7337224966322,44,1.88197752808989,14266.2198100407,74.4413045794844,1409.06938628338
"GTF",10331,125,1206,78044,-111.3710022,47.48199844,"Montana",726776,47.049,-109.467,17.6232311320755,1264.01650943396,3.37808056872038,15656.9976415094,59.4844634247293,151.518645679561
"GTR",4691,42,566,35032,-88.5914001465,33.4502983093,"Mississippi",723307,33.45,-88.591,25.5176151761518,80,1.80397470641373,12887.1427280939,86.9254283728768,0.0497846187234321
"GUC",2627,100,446,43642,-106.928306,38.536346,"Colorado",724677,38.533,-106.933,16.8864795918367,2339.03826530612,2.11109693877551,15928.7895408163,52.3387315955961,0.552380145377263
"HDN",8119,200,1489,83605,-107.2180023,40.48120117,"Colorado",725710,40.467,-107.217,19.6051104972376,2012,3.93980582524272,15902.704011065,41.7327955261937,1.58137231524511
"HGR",878,28,170,10590,-77.72949982,39.707901,"Maryland",724066,39.706,-77.73,23.7233793836344,215,2.46368477103301,13678.2268370607,69.3157555574151,0.215668620442578
"HHH",10351,269,1599,126707,-80.6975021362,32.2243995667,"SouthCarolina",720120,32.217,-80.7,27.0192159877018,6,2.5030792917629,15685.4246153846,83.5370630530511,0.855689410649861
"HIB",2890,51,274,30745,-92.838997,47.3866,"Minnesota",726549,47.822,-92.689,17.1242737249838,404,1.89170164675492,15638.9761059089,74.959980375858,49.7031649197891
"HLN",6766,78,679,43610,-111.983002,46.6068,"Montana",726797,45.777,-111.16,18.789798488665,1356.03526448363,2.8582806573957,16060.5743073048,54.9865318610127,111.92203887575
"HNL",237896,2502,31288,1631816,-157.924228,21.32062,"Hawaii",720646,37.513,-122.501,15.5011343584573,20,2.81851193499238,9740.47969735183,90.1972552804278,3842.70154493036
"HOB",2612,36,441,38410,-103.2170029,32.6875,"NewMexico",722688,32.688,-103.217,27.8521560574949,1116,4.19465020576132,16059.9561943874,43.6920487401684,0.05559812571739
"HOU",263353,8449,45551,2348148,-95.2789,29.645399,"Texas",722440,29.638,-95.282,29.5873820754717,14,3.15094339622642,15427.8573113208,71.7621680770067,0.87558190164247
"HPN",41223,1329,8846,659524,-73.7076034545898,41.0670013427734,"NewYork",725037,41.067,-73.708,22.1327124563446,121.469150174622,2.37846332945285,13929.6658905704,76.1062664987039,0.033244526282097
"HRL",17600,415,3023,168775,-97.6544036865234,26.2285003662109,"Texas",722505,26.228,-97.654,30.7051682692308,11,5.23273164861612,15809.1682692308,70.2144736060041,0.0686802690114207
"HSV",36040,942,5728,367211,-86.775101,34.637199,"Alabama",723230,34.637,-86.786,25.5111216730038,195.984790874525,2.14376784015224,14433.5541825095,79.6452928279732,0.997369766979994
"HTS",2785,102,572,36565,-82.557999,38.366699,"WestVirginia",724250,38.365,-82.558,23.1897875816993,254.928921568627,1.68788870703764,12921.6960784314,77.9236866641769,0.188920200485592
"HVN",2113,109,290,19492,-72.88680267,41.26369858,"Connecticut",725045,41.264,-72.887,23.7456932773109,4,2.51398527865405,14643.9033613445,75.5314728463698,0.0373547993932143
"HYA",436,12,99,8459,-70.280403,41.6693,"Massachusetts",725067,41.669,-70.28,22.5993217054264,16.0067829457364,3.33676042677013,13888.6450048497,77.5044899998788,0.0472578144447484
"HYS",4524,107,794,75223,-99.27320099,38.84220123,"Kansas",724518,38.842,-99.273,23.5978095238095,609,4.80361904761905,14664.2057142857,79.4462470030999,0.0283493284466116
"IAD",284996,6498,44306,3285464,-77.455803,38.9445,"Virginia",724030,38.935,-77.483,24.4459016393443,96.9180327868852,2.40521739130435,14941.4821600771,69.7514186371707,2.57853044842313
"IAG",3009,125,436,32143,-78.946198,43.1073,"NewYork",725287,43.107,-78.946,20.9090497737557,179.005656108597,3.7,14997.556561086,72.4226721499416,0.0370291159000362
"IAH",715571,15427,117719,8369814,-95.3414001464844,29.9843997955322,"Texas",722430,29.967,-95.36,29.9629589632829,32.1252699784017,2.68088552915767,15749.0820734341,69.7179251048114,2.63685781333534
"ICT",44504,1117,7938,488221,-97.433098,37.649899,"Kansas",724500,37.648,-97.433,25.9404527559055,408.121062992126,4.50816929133858,15425.3169291339,72.2952206019905,0.211335362083582
"IDA",14173,200,2057,140661,-112.070999,43.514599,"Idaho",725785,43.515,-112.071,20.162037037037,1446,3.88342175066313,15968.8437086093,45.8530067923389,0.0445892385006829
"IFP",62,0,16,1074,-114.559998,35.157398,"Arizona",723788,35.157,-114.56,35.620875824835,212,2.57942238267148,17407.4092548077,17.2911002962374,0.0442559542998682
"ILG",165,6,44,2678,-75.60649872,39.67869949,"Delaware",724180,39.674,-75.607,24.5602576808722,24,2.75308151093439,14517.277060576,77.88806024621,0.524317516986473
"ILM",27493,909,4410,264663,-77.9026031494141,34.2705993652344,"NorthCarolina",723020,34.267,-77.9,26.4240121580547,11.6246200607903,2.81425304878048,14878.2480974125,80.9051105348694,0.466267940696015
"IMT",3218,44,401,29973,-88.1145019531,45.8184013367,"Michigan",726480,45.723,-87.094,17.4363357215967,186,2.58401639344262,13076.3995901639,80.8723736647896,79.8592785652673
"IND",197164,5180,35506,2234587,-86.294403,39.7173,"Indiana",724380,39.717,-86.294,23.4124888492418,245.983942908118,3.71151785714285,15122.0071364853,71.8546541617623,0.0479680004115655
"INL",2856,75,312,30646,-93.4030990600586,48.5662002563477,"Minnesota",726544,48.016,-92.856,17.2083607636602,400,1.58885959129861,15527.392034233,70.6595244615202,73.356501686833
"IPT",71,0,7,1894,-76.9210968017578,41.2417984008789,"Pennsylvania",725140,41.242,-76.922,21.0425,160.000862068966,1.75979292493529,14472.4310344828,77.598577807296,0.078774332493108
"ISP",24903,879,5379,345724,-73.10019684,40.79520035,"NewYork",725016,40.822,-72.869,22.6754519505233,25,2.37604961832061,14001.7887725975,78.0653937038922,19.6851036651918
"ITH",3177,72,460,32832,-76.4583969116211,42.4910011291504,"NewYork",725155,42.483,-76.467,18.9285714285714,335,2.43263888888889,14487.4382929642,82.9572280154413,1.13542323288421
"ITO",28640,342,2633,102159,-155.048004,19.721399,"Hawaii",720646,37.513,-122.501,15.5011343584573,20,2.81851193499238,9740.47969735183,90.1972552804278,3713.22613779864
"JAC",23662,394,4166,291595,-110.737998962402,43.6072998046875,"Wyoming",725776,43.6,-110.738,15.9173170731707,1965.04146341463,2.93827160493827,15674.4926829268,53.1018353299035,0.811701251045652
"JAN",33587,892,5454,341037,-90.075897,32.311199,"Mississippi",722350,32.311,-90.083,27.0310821806347,98.9967453213995,2.06903015484922,14462.427990236,75.325634334323,0.667887529123627
"JAX",132088,3134,25299,1533371,-81.6878967285156,30.4941005706787,"Florida",722060,30.483,-81.7,27.2672859450727,10.1987075928918,2.73384491114701,14688.5525040388,81.6104745925556,1.69367994030459
"JFK",519278,13972,101782,7917904,-73.779317,40.639447,"NewYork",725030,40.777,-73.88,24.7689929328622,8.99469964664311,3.93939929328622,15392.6492932862,64.0385168056377,17.4918624005052
"JLN",3993,151,696,52078,-94.498299,37.151798,"Missouri",723495,37.152,-94.498,24.3162055335968,299.99604743083,2.55093966369931,13812.6630434783,84.2636015065185,0.0347379825113205
"JMS",4841,226,654,76895,-98.67819977,46.92969894,"NorthDakota",720911,46.941,-98.018,18.3424782807499,427,3.94012826385709,15234.4469350412,84.6066496278065,50.1422390233578
"JNU",21336,313,2974,142906,-134.57600402832,58.3549995422363,"Alaska",720272,48.467,-122.421,18.7337224966322,44,1.88197752808989,14266.2198100407,74.4413045794844,1358.66733581211
"JST",1391,53,186,21764,-78.8339004516602,40.3161010742188,"Pennsylvania",725127,40.316,-78.834,20.1159392789374,696,2.87889733840304,13622.9611005693,75.2453467791403,0.014055260595532
"KOA",70168,695,8193,378828,-156.045603,19.738783,"Hawaii",720646,37.513,-122.501,15.5011343584573,20,2.81851193499238,9740.47969735183,90.1972552804278,3793.29856915596
"KTN",11128,130,1613,81677,-131.7140045,55.35559845,"Alaska",720272,48.467,-122.421,18.7337224966322,44,1.88197752808989,14266.2198100407,74.4413045794844,994.798185638793
"LAN",11401,301,1783,131400,-84.58740234375,42.7787017822266,"Michigan",725390,42.767,-84.6,20.8794616151545,266,2.88321608040201,14731.3160518445,70.0151199621656,1.65842617598702
"LAR",3132,134,503,48684,-105.675003051758,41.3120994567871,"Wyoming",725645,41.312,-105.683,18.3967351874244,2217.01451027811,4.88928136419001,15672.192261185,44.5305422249384,0.668007255910346
"LAS",762357,17368,137603,7987790,-115.151817,36.083361,"Nevada",723860,36.072,-115.167,34.784960718294,663.913580246914,2.9685393258427,16080.0572390572,14.6168315586429,1.85949879386608
"LAW",5070,262,755,54405,-98.4166030884,34.5676994324,"Oklahoma",723575,34.558,-98.417,29.6009512485137,338,4.10328467153285,15578.7360285375,62.2942445224896,1.07913989041871
"LAX",943834,16107,154683,9677924,-118.407997,33.942501,"California",722950,33.933,-118.408,20.62909632572,90.6891757696127,3.29304174950298,13843.7338629593,78.7811951159117,1.05646303430034
"LBB",28501,950,5434,361643,-101.822998,33.663601,"Texas",722670,33.65,-101.823,28.5632096069869,988.013100436681,4.70644104803494,15851.0109170306,48.8586853781248,1.51236220862147
"LBE",4977,127,843,61217,-79.4048,40.275902,"Pennsylvania",725207,40.276,-79.405,20.0325467860049,361,1.63279088689992,13537.9536208299,86.7557746790307,0.0201649729320937
"LBF",3113,85,489,36716,-100.6839981,41.12620163,"Nebraska",725620,41.117,-100.7,21.5297720797721,848.817663817664,3.2735902926481,14460.1424501424,80.8486604559361,1.68628294547649
"LBL",2961,84,420,32382,-100.9599991,37.0442009,"Kansas",724516,37.044,-100.966,25.5532751091703,879,4.86441048034935,14934.3580786026,66.310972072124,0.533064263613383
"LCH",6929,280,977,62791,-93.2232971191406,30.1261005401611,"Louisiana",722400,30.125,-93.228,28.6245928338762,3.6042345276873,2.14714518760196,14385.3200325733,79.9807009781681,0.468564662066911
"LCK",5278,217,1209,89045,-82.927803,39.813801,"Ohio",724285,39.814,-82.933,22.6858921161826,227,2.413258897418,15464.1282940361,72.7898604928056,0.444437147415965
"LEX",34833,822,5487,360376,-84.605904,38.036499,"Kentucky",724220,38.033,-84.606,24.8781818181818,301,2.74163461538461,14197,66.8243626629932,0.389161883755941
"LFT",18339,512,2928,211720,-91.987602,30.205299,"Louisiana",722405,30.205,-91.988,27.2495901639344,13,1.93713991769547,14570.7049180328,82.6293586333871,0.0506775442911005
"LGA",622984,23908,131500,9770812,-73.872597,40.777199,"NewYork",725030,40.777,-73.88,24.7689929328622,8.99469964664311,3.93939929328622,15392.6492932862,64.0385168056377,0.623747749846131
"LGB",69106,1029,11243,610519,-118.149891,33.816523,"California",722970,33.812,-118.152,22.7604020100502,12.0422110552764,2.32598187311178,14380.2361809045,66.8080379966176,0.539357564066763
"LIH",62467,738,7261,342069,-159.339005,21.976,"Hawaii",725945,40.978,-124.109,15.4598667776853,64.0099916736053,1.96325,11543.1873438801,84.6060865900315,3912.59279153284
"LIT",54526,1266,9663,537773,-92.223728,34.729582,"Arkansas",723403,34.727,-92.239,26.7800224466891,78.0224466891134,2.39775533108867,14707.4500561167,78.1451356410231,1.42488655988878
"LNK",6223,203,1026,72461,-96.7592010498047,40.851001739502,"Nebraska",725510,40.85,-96.767,23.118476357268,362.026269702277,3.40149253731343,15080.0831873905,76.119284944069,0.665359274459192
"LRD",8886,218,1305,87349,-99.4616012573242,27.5438003540039,"Texas",722520,27.533,-99.467,32.7422588832487,155,5.10418781725888,16019.4898477157,54.289886713296,1.31362440664801
"LSE",8463,181,1290,88154,-91.256699,43.879002,"Wisconsin",726430,43.879,-91.257,21.6845211581292,199.997772828508,2.83690078037904,15135.131403118,69.6931761878843,0.0241261391512433
"LWB",3017,96,575,48448,-80.3994979858,37.8582992554,"WestVirginia",724127,37.858,-80.4,21.0831215048297,702,1.19505102040816,14228.0767955801,75.925907336123,0.0552239632883711
"LWS",4159,24,335,20794,-117.014999389648,46.3745002746582,"Idaho",725784,46.14,-115.6,20.8705802968961,451.195681511471,0.50445945945946,NA,64.2470367967955,111.868391768835
"LYH",2386,88,393,23264,-79.200401,37.326698,"Virginia",724100,37.321,-79.207,23.7455140186916,286,1.73018691588785,14655.1757009346,77.0822639908476,0.861349426562507
"MAF",40180,1234,7561,499716,-102.202003,31.942499,"Texas",722650,31.943,-102.208,30.7490649064907,872.27502750275,4.70376940133038,15777.4378437844,44.8202603856758,0.568597411348679
"MBS",8725,197,1314,111304,-84.079597,43.532902,"Michigan",726379,43.533,-84.08,20.749667405765,204,3.22527839643652,14413.9035476718,69.7874761042393,0.0342662891604046
"MCI",225961,5802,38800,2244676,-94.713898,39.2976,"Missouri",724460,39.283,-94.75,23.8061172472387,312.210705182668,3.87174468085107,14869.8266779949,79.4226929391698,3.50548466206221
"MCO",665273,16490,134702,8802023,-81.3089981079102,28.4293994903564,"Florida",722050,28.429,-81.325,27.0588951310861,31.9915730337079,3.02752808988764,15232.9953183521,82.000692618644,1.56538330934118
"MCW",997,48,128,16740,-93.331299,43.157799,"Iowa",725485,43.154,-93.331,19.6028741328048,372.994053518335,3.17706057596823,13450.5916749257,79.3564264670413,0.423125216057944
"MDT",25054,757,3907,253339,-76.763397,40.193501,"Pennsylvania",723990,40.193,-76.772,24.1261061946903,94.9966814159292,2.25687361419069,14275.6814159292,70.3686098832582,0.732848075381899
"MDW",378525,14638,61383,3167987,-87.752403,41.785999,"Illinois",725340,41.783,-87.752,23.4067567567568,188.258835758836,3.62151767151767,15244.1226611227,68.4635176992028,0.3351434446842
"MEI",3563,81,664,66556,-88.7519,32.3326,"Mississippi",722340,32.333,-88.752,26.9116580310881,93.9948186528497,1.68986135181976,14500.7081174439,78.4100000912746,0.0454594865108975
"MEM",101144,2700,18962,1140036,-89.9766998291016,35.0424003601074,"Tennessee",723340,35.05,-90,27.3265288544358,98.0189655172414,2.55427092320966,15416.7663793103,75.8593173007261,2.28324382326681
"MFE",20666,734,4217,295643,-98.237965,26.176141,"Texas",722506,26.184,-98.254,31.6005875440658,34,5.43941176470588,15662.3407755582,63.0033935279586,1.82317627159051
"MFR",28034,502,4235,286732,-122.873001098633,42.3741989135742,"Oregon",725970,42.367,-122.873,23.4594465648855,403.604961832061,1.94208015267176,15802.8883587786,49.2476163590729,0.800482671893294
"MGM",13492,269,2302,168364,-86.393997,32.300598,"Alabama",722260,32.3,-86.408,27.4688592839301,62.0083263946711,2.12001675041876,14579.7941666667,74.4717273536561,1.31779989547856
"MHK",6920,236,1131,69130,-96.6707992553711,39.140998840332,"Kansas",724555,39.135,-96.679,24.2164783427495,325.992467043314,2.74815864022663,15098.7719132893,80.6768989289525,0.972208289778956
"MHT",32726,1014,5955,351787,-71.435699,42.932598,"NewHampshire",726050,43.2,-71.503,19.8618759455371,105,1.73275208491281,13474.7526475038,77.1680208025741,30.2321962715831
"MIA",422934,9104,76363,5287137,-80.2906036376953,25.7931995391846,"Florida",722020,25.75,-80.383,28.5214226633581,8.18114143920596,2.45541770057899,15134.6799007444,73.7989928241476,10.4247570161211
"MKE",128834,3150,22744,1386598,-87.896598815918,42.9472007751465,"Wisconsin",726400,42.947,-87.904,22.0086099585062,211.01867219917,3.56545643153527,15128.3174273859,68.736117078593,0.602816661110945
"MKG",3371,154,590,41327,-86.238197,43.169498,"Michigan",726360,43.167,-86.25,21.5813977389517,193,3.24326824254882,15520.6135163675,67.8607592833869,0.99670701677114
"MLB",11795,238,1569,85941,-80.645302,28.1028,"Florida",722040,28.101,-80.645,27.80884289746,8.00376293508937,3.33709981167608,14483.3414863594,81.5069488010869,0.202331007148913
"MLI",18837,574,3174,226295,-90.5075,41.448502,"Illinois",725440,41.45,-90.523,22.8480582524272,181,2.5667964946446,14647.0398058252,71.769423062023,1.3025466334029
"MLU",11509,281,1578,113289,-92.037697,32.510899,"Louisiana",722486,32.511,-92.041,28.1641330166271,24.9916864608076,1.59284009546539,15215.2767220903,75.9783673673606,0.309923979083469
"MMH",999,194,203,18257,-118.8379974,37.62409973,"California",723894,37.624,-118.85,18.3653987167736,2173,2.53712190650779,16063.1292392301,36.6334050471481,1.05712838564504
"MOB",19835,507,3222,221868,-88.242798,30.6912,"Alabama",722230,30.683,-88.25,27.4172839506173,67,2.11732979664014,13344.7451499118,83.4433916887242,1.14265564831318
"MOT",11432,279,1603,131142,-101.279998779297,48.2593994140625,"NorthDakota",720909,48.301,-102.406,17.6951945080092,684,3.68277599633532,15610.5503663004,80.2915740930032,83.4504315166245
"MQT",5702,149,1006,116519,-87.395401,46.3536,"Michigan",726284,46.35,-87.4,15.3397986577181,372,2.27342281879194,14661.7669576897,78.4880933819611,0.533695884579577
"MRY",17884,396,2990,219381,-121.843002319336,36.5870018005371,"California",724915,36.587,-121.845,17.2159802306425,67.0543657331137,2.47543281121187,12209.7716405606,76.8092745978773,0.178361570703961
"MSN",52561,1329,8863,571358,-89.337502,43.1399,"Wisconsin",726410,43.133,-89.345,20.3614573346117,264.01150527325,2.03640730067243,14407.7612655801,75.4648398786507,0.97919285827186
"MSO",20294,233,3071,186355,-114.0910034,46.91630173,"Montana",725784,46.14,-115.6,20.8705802968961,451.195681511471,0.50445945945946,NA,64.2470367967955,144.14104664196
"MSP",641766,10194,84723,6459828,-93.221802,44.882,"Minnesota",726580,44.882,-93.229,21.3434990439771,255.000956022945,3.632982791587,15149.2399617591,68.8720797828308,0.567119266949468
"MSY",234751,7180,42713,2501258,-90.2580032348633,29.9934005737305,"Louisiana",722310,29.983,-90.278,29.0064015518914,6.35111542192047,2.46789524733269,15628.6032977692,74.9220433827424,2.2464298068522
"MTJ",10895,350,1861,111769,-107.893997192,38.5097999573,"Colorado",724765,38.506,-107.898,23.269696969697,1755,3.38382749326146,16018.7944664032,34.2629088321431,0.54758161213693
"MVY",3226,72,602,42228,-70.6143035889,41.3931007385,"Massachusetts",725066,41.393,-70.615,21.1135242641209,21,3.06847133757962,11699.7987271281,84.7818648994996,0.0591629533187024
"MYR",62374,1708,10214,660572,-78.9282989502,33.6796989441,"SouthCarolina",720613,33.828,-79.122,25.3681010289991,10,1.13966323666978,10159.0533208606,83.5067634723973,24.343828041103
"OAJ",11299,269,1687,104841,-77.612099,34.829201,"NorthCarolina",723069,34.829,-77.617,25.1537440758294,29,2.08815165876778,13018.981042654,83.7037907508069,0.447898636396369
"OAK",223876,5366,35835,1805297,-122.221001,37.721298,"California",724930,37.721,-122.221,19.3897228637413,26.8060046189376,4.0986143187067,15635.8845265589,72.7216758186123,0.0331362048709788
"OGD",457,16,87,4180,-112.0120010376,41.195899963379,"Utah",725750,41.196,-112.012,24.2357142857143,1353.01298701299,3.04096228868661,15887.661038961,30.3266736491486,0.0111239035138238
"OGG",124317,1235,16614,831212,-156.431212,20.898543,"Hawaii",720646,37.513,-122.501,15.5011343584573,20,2.81851193499238,9740.47969735183,90.1972552804278,3745.98378964311
"OGS",2196,111,377,46518,-75.4655,44.6819,"NewYork",726223,44.936,-74.846,19.4430894308943,65.005081300813,2.19806122448979,14013.1026422764,75.7993852149314,56.4509422085557
"OKC",101401,2370,19481,1182976,-97.6007,35.393101,"Oklahoma",723530,35.383,-97.601,26.9960034752389,397.211120764553,4.55182608695652,15302.4491746308,73.3404632210284,1.12350914627587
"OMA",107862,2441,19011,1091162,-95.894096,41.3032,"Nebraska",725500,41.3,-95.9,23.6602261048304,299.001027749229,3.69701952723536,15476.8376156218,73.9965003531295,0.608149549624636
"OME",3215,123,347,14413,-165.445007324219,64.5121994018555,"Alaska",720272,48.467,-122.421,18.7337224966322,44,1.88197752808989,14266.2198100407,74.4413045794844,3094.90088580047
"ONT",104473,1997,18124,966025,-117.600997924805,34.0559997558594,"California",722899,33.975,-117.637,24.4199481865285,207.976683937824,2.56173800259403,14784.9779792746,59.3456717943128,9.59856525722249
"ORD",1326258,39828,232224,18889013,-87.9048,41.9786,"Illinois",725300,41.96,-87.934,22.4955715756952,204.99588053553,3.39680741503604,15262.2790937178,69.0750994955844,3.17888556788257
"ORF",95577,2881,18060,1156306,-76.201202,36.8946,"Virginia",723080,36.9,-76.2,25.9010169491525,9,3.51928632115548,15149.179661017,76.2927876432513,0.60989186821608
"ORH",4831,246,1096,83325,-71.875702,42.2673,"Massachusetts",725100,42.267,-71.876,20.4232106339468,309.997955010225,3.63139059304704,14373.0490797546,77.6671823051768,0.0414014541140525
"OTH",1766,62,369,26080,-124.246002197266,43.4170989990234,"Oregon",725975,42.6,-123.364,16.9750244857982,1171,2.08079207920792,12003.9412340842,70.4147841313631,115.749720231049
"OTZ",3217,116,328,16096,-162.598999,66.88469696,"Alaska",720272,48.467,-122.421,18.7337224966322,44,1.88197752808989,14266.2198100407,74.4413045794844,3053.06028746817
"OWB",486,18,110,5014,-87.16680145,37.74010086,"Kentucky",724237,37.74,-87.167,24.5510440835267,124,2.36496519721578,14722.0441347271,79.8280468744463,0.0207507941080273
"PAE",8110,186,1435,75340,-122.281998,47.9063,"Washington",720272,48.467,-122.421,18.7337224966322,44,1.88197752808989,14266.2198100407,74.4413045794844,63.1928249766898
"PAH",4288,166,779,62518,-88.7738037109375,37.0607986450195,"Kentucky",724350,37.056,-88.774,25.0277617675312,125.998078770413,1.93083573487032,14106.4447646494,76.7529454340618,0.53386919286559
"PBG",4863,201,810,92577,-73.4681015014648,44.6509017944336,"NewYork",726225,44.65,-73.468,19.6634279475983,71,1.86177437020811,13861.3504366812,75.2097024678761,0.100595913737043
"PBI",116406,3176,25205,1634297,-80.0955963134766,26.6832008361816,"Florida",722030,26.683,-80.1,27.8511893434824,6,3.22987630827783,15050.3948620362,78.9895828640069,0.438089464480887
"PDX",280131,4100,43246,2317738,-122.5979996,45.58869934,"Oregon",720202,45.417,-123.817,17.1632928475034,11,1.8246963562753,15043.8407557355,77.2386171110002,96.8995170153347
"PGD",27838,1034,7891,585416,-81.990501,26.9202,"Florida",722034,26.917,-81.991,27.5500461680517,8,2.89898148148148,15020.6534195933,86.4577328070157,0.359246801952035
"PGV",550,70,104,7417,-77.38529968,35.6352005,"NorthCarolina",723065,35.633,-77.385,25.4924691921497,8,1.89913281606573,14684.5828388864,79.2297280485169,0.246178755363622
"PHF",6022,156,923,63668,-76.492996,37.131901,"Virginia",723086,37.132,-76.493,25.3050704225352,16,2.75541941564562,13880.0507042254,77.2308267702431,0.0110140074391978
"PHL",462634,12300,79966,5712375,-75.241096496582,39.871898651123,"Pennsylvania",724080,39.873,-75.25,24.8537342386033,9,3.02611650485437,15026.7934044617,68.6113602190529,0.769623393628734
"PHX",788476,15543,127045,8136464,-112.005905,33.435302,"Arizona",722780,33.428,-112.017,36.0052106430155,337.039911308204,3.14669652855543,16039.1807095344,28.4223844319097,1.31121937823614
"PIA",17339,559,3195,222237,-89.693298,40.6642,"Illinois",725320,40.664,-89.693,22.8557167235495,201.996587030717,2.56958762886598,14574.954778157,72.6966579535989,0.0335611046216668
"PIB",2983,93,548,53296,-89.337097,31.4671,"Mississippi",722348,31.467,-89.337,25.8617699115044,91,1.33796460176991,12630.5734513274,87.60917971238,0.0144318498872266
"PIE",37202,1422,8864,676514,-82.687401,27.9102,"Florida",722116,27.911,-82.688,27.9792207792208,3,3.202407221665,14883.2194388778,82.5652415718268,0.106665070384524
"PIH",4011,19,334,26722,-112.596000671387,42.9098014831543,"Idaho",725780,42.917,-112.6,21.8628603104213,1365,4.14476614699332,16074.8636363636,36.6248623440052,0.864163713863316
"PIR",1865,62,283,28968,-100.2860031,44.38270187,"SouthDakota",726560,44.381,-100.286,20.5578528827038,526.019880715706,4.57337337337337,14648.4910536779,78.775668694209,0.189239470167005
"PIT",195190,4996,33798,2117911,-80.23290253,40.49150085,"Pennsylvania",725200,40.485,-80.217,21.934128440367,365.187155963303,2.57376146788991,14903.104587156,72.4119063748013,1.52680753965107
"PLN",4137,90,551,60836,-84.79669952,45.57089996,"Michigan",722145,45.426,-84.913,19.777245508982,209,2.0797816132441,15898.0045790771,70.1604922619075,18.4868782178904
"PNS",54658,1229,9756,600391,-87.1866,30.4734,"Florida",722223,30.473,-87.187,27.8894093686354,36.0010183299389,2.8745641025641,14940.9928644241,85.117873070975,0.0587178925375101
"PRC",3197,37,497,42248,-112.419998,34.654499,"Arizona",723723,34.652,-112.42,25.7013801756587,1539.99498117942,3.23498098859316,16088.9623588457,36.7121772861404,0.277876181903956
"PSC",20163,349,2835,185167,-119.119003295898,46.2647018432617,"Washington",720388,47.1,-122.287,19.3532584269663,164,0.558633093525179,15522.5784936479,74.8289880780722,258.878942174232
"PSG",3681,56,578,31876,-132.9450073,56.80170059,"Alaska",720272,48.467,-122.421,18.7337224966322,44,1.88197752808989,14266.2198100407,74.4413045794844,1164.87694653611
"PSM",1723,52,274,18204,-70.8233032227,43.0778999329,"NewHampshire",726055,43.078,-70.823,20.8899786780384,30.0405117270789,2.54243070362473,13118.2611940299,77.0927351909267,0.027024594286338
"PSP",58996,1202,9587,554832,-116.507004,33.8297,"California",722868,33.822,-116.507,35.6263504611331,137.03162055336,2.7551724137931,16093,22.4126346497374,0.856201014890474
"PUB",3721,94,524,54963,-104.497002,38.289101,"Colorado",724640,38.283,-104.5,25.1892177589852,1439.00528541226,3.66442307692308,15874.1479915433,48.673829374314,0.727114560159802
"PUW",2241,31,258,11510,-117.110001,46.7439,"Washington",725784,46.14,-115.6,20.8705802968961,451.195681511471,0.50445945945946,NA,64.2470367967955,133.77225305788
"PVD",71357,2243,13678,853268,-71.425668,41.725038,"RhodeIsland",725070,41.723,-71.433,22.5355079217148,18.9981360671016,3.2363466915191,14743.5079217148,76.6978308949769,0.649321027157104
"PVU",4031,180,772,48356,-111.723,40.2192,"Utah",725724,40.219,-111.723,24.393324775353,1371,2.77915057915058,15934.9756097561,41.3564613774606,0.0222389853288599
"PWM",47401,1492,8906,596981,-70.309303,43.646198,"Maine",726060,43.642,-70.317,20.5993271656855,19,2.56059071729958,13866.0782169891,73.7426384269294,0.775552418265362
"RAP",22503,572,3888,272841,-103.056999206543,44.0452995300293,"SouthDakota",726620,44.043,-103.057,19.2882838283828,966.054455445545,3.61273779983457,14611.5618811881,74.2035174902358,0.255696080789443
"RDD",6276,147,1031,78338,-122.2929993,40.50899887,"California",725920,40.5,-122.3,28.340607424072,153.003374578178,2.22446206115515,15986.8020247469,37.9967278958044,1.1625809577245
"RDM",27128,457,3893,257289,-121.1500015,44.2541008,"Oregon",720638,44.095,-121.2,21.1977324263038,1055,2.56203451407811,15976.5774000919,46.0196423531656,18.1350015380413
"RDU",250710,6439,44995,2855895,-78.7874984741211,35.8776016235352,"NorthCarolina",723060,35.867,-78.783,24.7079079079079,133.124124124124,2.28528528528529,15018.4454454454,78.415656351778,1.246584373688
"RFD",3602,105,610,36035,-89.097198,42.1954,"Illinois",725430,42.193,-89.1,21.6726053639847,226,2.72471264367817,14341.8879310345,76.213659906851,0.352848407957751
"RHI",3574,67,447,44565,-89.4674987792969,45.6311988830566,"Wisconsin",722332,45.469,-89.806,15.8515572592238,453,0.975419262098705,14020.6593195975,80.6710811335336,31.9382584994332
"RIC",90488,2401,16513,1073106,-77.3197021484375,37.505199432373,"Virginia",724010,37.5,-77.333,25.3041,50.501,2.825250501002,15266.67,74.3736000569475,1.30778957427729
"RIW",1444,56,224,24576,-108.459999084,43.064201355,"Wyoming",726720,43.064,-108.46,21.7028697571744,1685.91611479029,3.80033444816053,16076.7196467991,39.2635046388023,0.0223897781149136
"RKS",3011,77,455,42255,-109.065001,41.5942,"Wyoming",725744,41.594,-109.065,20.368400520156,2056.00520156047,4.23921052631579,16010.75390625,32.7656620100354,0.0222391408077985
"RNO",91114,1803,15760,867227,-119.767997741699,39.4990997314453,"Nevada",724880,39.484,-119.783,25.4017142857143,1341.01142857143,2.87048054919908,16077.9817142857,27.7427784373843,2.11574705178546
"ROA",9480,219,1368,88937,-79.975403,37.3255,"Virginia",724110,37.317,-79.975,24.3268872802482,358,2.24870734229576,15649.1747673216,70.0378489485433,0.945828456524962
"ROC",53229,1733,9787,636653,-77.672401,43.1189,"NewYork",725290,43.117,-77.677,21.3668789808917,169,3.13375796178344,15721.0180467091,67.360448773748,0.428925139663807
"ROW",5145,143,704,61413,-104.530998,33.301601,"NewMexico",722680,33.3,-104.533,30.0064308681672,1118.00321543408,3.83365906623236,15913.8199356913,37.7523312099194,0.257507783184797
"RST",11976,409,1861,131478,-92.5,43.908298,"Minnesota",726440,43.904,-92.5,19.3290766208251,401.93025540275,3.7112315270936,15118.9685658153,77.9034245473718,0.477915794718156
"RSW",176081,4936,32005,1977717,-81.7552032470703,26.5361995697021,"Florida",722108,26.536,-81.755,27.5125,9,2.68730569948187,14503.4887931034,82.9191993281368,0.0300210354852302
"SAF",7409,219,1219,87520,-106.088996887,35.617099762,"NewMexico",723656,35.617,-106.089,22.8778169014085,1934.01291079812,3.96978672985782,15812.0387323944,46.0659908052911,0.0110965967408576
"SAN",392430,7760,64359,3340634,-117.190002441,32.7336006165,"California",722900,32.733,-117.19,21.3463414634146,8.98439024390244,2.53931707317073,15364.432195122,78.8471498462119,0.0667858979480972
"SAT",168629,3868,30944,1748313,-98.469803,29.533701,"Texas",722530,29.533,-98.484,30.2294170403587,245.892376681614,4.19919282511211,15962.2457399103,61.9111210301631,1.37573070069745
"SAV",76334,2185,13908,898905,-81.20210266,32.12760162,"Georgia",722070,32.131,-81.202,27.4679702048417,15.8845437616387,2.91666666666667,15320.5111731844,81.0514162266413,0.378006245861128
"SBA",32387,726,5549,375642,-119.8399963,34.42620087,"California",723925,34.426,-119.842,17.978578892372,5.99373040752351,2.28253138075314,12448.2016718913,84.1330425738616,0.185131298506529
"SBN",28036,611,5085,398581,-86.317299,41.708698,"Indiana",725350,41.707,-86.317,21.093893129771,236.007633587786,2.77480842911877,14500.9513358779,77.4986236385378,0.190433448196669
"SBP",22276,392,3567,258550,-120.641998291,35.2368011475,"California",722897,35.237,-120.642,16.9354773869347,63.0040201005025,2.59375629405841,13561.4130653266,78.774020672831,0.0221119339113867
"SCC",3478,42,381,21459,-148.4649963,70.19470215,"Alaska",720272,48.467,-122.421,18.7337224966322,44,1.88197752808989,14266.2198100407,74.4413045794844,2782.38264006142
"SCE",5140,154,887,66713,-77.84852,40.849374,"Pennsylvania",725128,40.849,-77.85,19.6179824561403,378,1.2563596491228,13687.456871345,82.6420052928001,0.131247968129438
"SCK",3714,156,812,49347,-121.2379989624,37.894199371338,"California",724920,37.889,-121.25,26.1304247990815,8.00459242250287,3.49733796296296,16046.5074626866,46.1017481932828,1.2013765098617
"SDF",96739,2643,17125,1106479,-85.736,38.1744,"Kentucky",724230,38.181,-85.739,26.2502338634238,149,3.22843779232928,15608.8278765201,63.1634461770158,0.779329249834156
"SEA",729771,11161,117034,6367044,-122.311134,47.449162,"Washington",720388,47.1,-122.287,19.3532584269663,164,0.558633093525179,15522.5784936479,74.8289880780722,38.8677130403165
"SFB",47381,2247,12566,951915,-81.2375030517578,28.7775993347168,"Florida",722057,28.778,-81.244,27.6729785056295,17,3.00865979381443,15253.3592630502,80.1939833491474,0.634768403567096
"SFO",682704,14369,134727,9509936,-122.375,37.6189994812012,"California",724940,37.617,-122.383,19.0491136600626,4.97080291970803,5.42286012526096,15799.0531803962,71.173367266221,0.738862875883828
"SGF",33900,885,5558,338990,-93.388603,37.245701,"Missouri",724400,37.233,-93.4,24.5083333333333,387.336050724638,3.25063520871144,15193.589673913,78.1220552614278,1.73564017935127
"SGU",14453,108,1860,122052,-113.510306,37.036389,"Utah",724754,37.091,-113.6,31.1473363774734,896,2.96073059360731,15755.604261796,20.8506199516503,10.0106440832505
"SHD",3381,89,632,72809,-78.8964,38.263802,"Virginia",724105,38.264,-78.896,22.0573866187697,366,1.18778625954198,14559.9398293669,77.9751551063649,0.0412834104481032
"SHR",1760,47,222,20095,-106.980003356934,44.7691993713379,"Wyoming",726660,44.767,-106.98,20.6520833333333,1209.03541666667,2.90817610062893,15854.403125,55.1493537599295,0.244559078166906
"SHV",24897,639,3820,247502,-93.8256,32.446602,"Louisiana",722480,32.447,-93.833,29.1736059479554,80.3717472118959,2.48638059701493,15798.1161710037,72.2775134983361,0.695797336186304
"SIT",5965,99,1026,48985,-135.361999511719,57.0471000671387,"Alaska",720272,48.467,-122.421,18.7337224966322,44,1.88197752808989,14266.2198100407,74.4413045794844,1287.56162787248
"SJC",245031,5565,37113,1911657,-121.929188,37.362452,"California",724945,37.359,-121.929,21.5909090909091,15.0050505050505,3.2949481865285,16027.9886363636,71.7449818424891,0.384204342931306
"SJT",7283,258,953,56876,-100.496002197266,31.3577003479004,"Texas",722630,31.352,-100.5,31.0151616499443,577.697881828317,3.56247191011236,16043.5730211817,48.8324781601764,0.738832710464614
"SLC",539637,6109,70174,4765964,-111.979746,40.785749,"Utah",725720,40.778,-111.978,26.9447968285431,1288.24479682854,3.52767857142857,15997.17839445,28.9792683415569,0.874100207993945
"SLN",3716,94,675,65924,-97.6521987915039,38.7910003662109,"Kansas",724586,38.791,-97.652,24.4610364683301,391.003838771593,3.97533718689788,15056.8674351585,77.2333224415314,0.017229182744793
"SMF",231246,4332,37607,1999581,-121.591003417969,38.6954002380371,"California",724839,38.695,-121.591,24.8254032258065,9.98655913978495,3.48454301075269,16062.7217741935,53.3588014932362,0.0445054277175691
"SMX",972,39,192,11022,-120.457001,34.898899,"California",723940,34.899,-120.457,16.4055954088953,73.1406025824964,2.09281609195402,9246.50646551724,83.4485655594472,0.0112310578676601
"SNA",192030,3876,29821,1432568,-117.867996,33.675701,"California",722977,33.676,-117.868,22.2858902575588,17,2.3640134529148,14688.3538633819,70.0969654557208,0.0332493433799221
"SPI",6221,186,1081,81056,-89.677902,39.844101,"Illinois",724390,39.845,-89.684,22.8358288770053,187,2.71714898177921,14222.9754010695,80.4140582999509,0.530120187757567
"SPS",4778,231,573,31645,-98.491898,33.9888,"Texas",723510,33.967,-98.493,29.4924764890282,313.984326018809,4.8141065830721,15716.2468619247,63.5000836446299,2.42617825207925
"SRQ",52336,1468,10337,608721,-82.554398,27.395399,"Florida",722115,27.395,-82.559,27.8480839416058,8.04653284671533,3.16127853881279,14769.3056569343,82.2210676025859,0.456492906915607
"STC",669,31,102,4584,-94.059898,45.5466,"Minnesota",726550,45.543,-94.06,19.1183050847458,312.004519774011,2.83279445727483,14980.1423728814,75.5115803955063,0.400380538787487
"STL",286056,7564,46828,2621125,-90.370003,38.748697,"Missouri",724340,38.747,-90.374,25.2749253731343,210.595024875622,3.28706467661692,15192.8726368159,69.6596771672991,0.39466085268834
"STS",13787,324,2045,139225,-122.8130035,38.50899887,"California",724957,38.504,-122.813,18.7313915857605,44.9697950377562,1.90617551462622,13331.0507011866,75.236942761752,0.555849066387247
"SUN",7663,133,818,43953,-114.2959976,43.50439835,"Idaho",725865,43.5,-114.3,17.0879478827362,1622,3.74804560260586,16089.0684039088,47.95820051441,0.586005300098192
"SUX",4185,142,802,48019,-96.382237,42.397605,"Iowa",725570,42.391,-96.384,21.362091503268,335.990662931839,3.2248127340824,14665.441643324,80.396534096511,0.748576171479061
"SWF",5451,168,1272,90978,-74.104797,41.504101,"NewYork",725038,41.5,-74.105,22.1832669322709,150,2.56130319148936,16393.8031914894,78.6181774508046,0.456323645499287
"SWO",3022,92,343,19083,-97.08570098877,36.161201477051,"Oklahoma",723545,36.161,-97.089,27.0355532786885,300.066598360656,3.85269709543568,14915.3155737705,71.021863002167,0.297013071292099
"SYR",52636,1713,10082,663056,-76.1063003540039,43.111198425293,"NewYork",725190,43.111,-76.104,20.8754416961131,126.563604240283,2.73757736516357,15284.1386925795,71.4300615860611,0.188031655234842
"TBN",631,38,59,5400,-92.140701,37.7416,"Missouri",724457,37.742,-92.15,23.542573320719,353,2.44734848484849,14321.389782403,81.7634055844998,0.818873717265112
"TLH",24435,563,3662,226052,-84.350304,30.3965,"Florida",722140,30.393,-84.353,27.434328358209,24.6492537313433,2.06363636363636,15100.3367537313,83.7659989763562,0.467253900118202
"TOL",5617,197,954,55205,-83.8078,41.5868,"Ohio",725360,41.583,-83.806,22.8491146318733,211,2.68647887323944,14378.6849953402,70.0519273278558,0.448277796177252
"TPA",350291,8390,65056,3945806,-82.533203125,27.9755001068115,"Florida",722110,27.962,-82.54,28.4155115511551,3.02475247524752,2.91478117258464,15099.7747524752,76.7028155912982,1.64286197259118
"TRI",11983,171,1725,114340,-82.407401,36.475201,"Tennessee",723350,36.475,-82.407,22.9284444444444,464.995555555556,1.27622222222222,13793.7477777778,76.1834685939985,0.0422504361171383
"TTN",11239,399,2795,209108,-74.8134994506836,40.2766990661621,"NewJersey",724095,40.277,-74.816,23.3059475806452,65,2.17585858585859,13817.7903225806,77.9598544553123,0.214754366570424
"TUL",72652,1714,13490,789836,-95.8880996704102,36.1983985900879,"Oklahoma",723560,36.199,-95.887,26.9146950092421,204.739371534196,3.28703703703704,14658.2985212569,78.0331170583386,0.119200843713906
"TUS",80070,1385,14150,834165,-110.938053,32.115004,"Arizona",722740,32.131,-110.955,31.4238347457627,774.796610169491,3.12532188841202,15882.1779661017,39.0619374468668,2.38970277072219
"TVC",18486,434,3113,210067,-85.5821990966797,44.7414016723633,"Michigan",726387,44.741,-85.583,20.1586585365854,191.99756097561,2.45073349633252,15530.243902439,69.4661475207583,0.0774351967605418
"TWF",4106,25,395,33365,-114.487999,42.4818,"Idaho",725866,42.482,-114.488,22.2669724770642,1276.85845347313,4.27129750982962,16009.6893840105,38.7734429532308,0.0222391365235799
"TXK",4640,145,554,33038,-93.990997,33.453701,"Arkansas",723418,33.454,-94.007,28.2451923076923,121.992788461538,2.21001206272618,15641.8557692308,70.7612824987042,1.48502295679411
"TYR",5871,284,768,43399,-95.4023971557617,32.3540992736816,"Texas",722448,32.354,-95.403,29.5379061371841,167.997593261131,3.10918984280532,16013.1167268351,66.7431094921271,0.057692711272557
"TYS",63669,1594,12165,844472,-83.994003,35.811001,"Tennessee",723260,35.811,-83.994,25.2269603524229,299,2.06981465136805,15358.5806167401,71.1167882534298,0.000292482417512035
"UIN",1655,100,384,32023,-91.19460297,39.94269943,"Illinois",724430,39.937,-91.195,22.9490546218487,233.004201680672,3.17383966244725,14296.5021008403,76.793451279552,0.634651002956818
"USA",5534,331,1176,78443,-80.709099,35.387798,"NorthCarolina",722132,35.388,-80.709,23.6421152030217,215,0.867928098391676,14412.9690821256,80.3392145859578,0.0241879166948554
"VCT",1286,36,103,17116,-96.9185028076172,28.8526000976562,"Texas",722550,28.85,-96.93,29.7498151571165,35.9981515711645,3.77006487488415,14980.2070240296,71.8610969205087,1.15646726163696
"VEL",2634,107,371,25166,-109.510002,40.440899,"Utah",725705,40.441,-109.512,22.9877892030848,1608.00385604113,2.55406824146982,16026.8097686375,34.840192518591,0.169458640254887
"VLD",4510,41,521,48438,-83.2767028808594,30.7824993133545,"Georgia",722166,30.783,-83.277,26.7824977210574,60,1.80257352941176,13647.5505925251,80.3559070137642,0.0624915869863846
"VPS",43001,1185,8034,512523,-86.525398,30.4832,"Florida",722210,30.483,-86.525,27.6574483775811,26.9631268436578,2.53163340724316,14839.0162241888,80.0845860690762,0.0441488320032302
"WRG",3680,57,641,32530,-132.3699951,56.48429871,"Alaska",720272,48.467,-122.421,18.7337224966322,44,1.88197752808989,14266.2198100407,74.4413045794844,1115.1510254845
"WYS",1309,4,129,7748,-111.1179962,44.68840027,"Montana",726764,44.683,-111.118,14.3391734052112,2025,2.14442446043165,15743.4573225517,57.6989486833744,0.600482701658744
"XNA",48357,1206,8264,505439,-94.306801,36.281898,"Arkansas",723436,36.282,-94.307,24.4228136882129,401.971482889734,2.66612749762131,14566.719581749,78.2750266796556,0.0211380243537409
"XWA",3365,102,534,50198,-103.748797,48.258387,"NorthDakota",720868,47.796,-103.254,18.9605685465383,643,3.59499080882353,15834.7035337311,74.4853927552172,63.2248038755337
"YAK",3674,59,523,23685,-139.660435,59.508717,"Alaska",720272,48.467,-122.421,18.7337224966322,44,1.88197752808989,14266.2198100407,74.4413045794844,1656.87006738765
"YKM",1335,27,170,6979,-120.5439987,46.56819916,"Washington",720388,47.1,-122.287,19.3532584269663,164,0.558633093525179,15522.5784936479,74.8289880780722,145.174360753205
"YNG",2,0,2,119,-80.67910004,41.26070023,"Ohio",725250,41.255,-80.683,21.0151515151515,361.011730205279,2.928305582762,13845.7201565558,74.7343599895899,0.712758883611399
"YUM",7534,115,1070,80907,-114.606003,32.656601,"Arizona",722810,32.817,-115.683,35.0138020833333,-12.0104166666667,3.28622047244095,16057.3815104167,24.9783311841963,102.301144922174
